Fecha_Contratacion,Monto_Colocado,tech_cat,domestic_cat,credit_cat,online_cat,fin_help_cat,trump_dolar_rem,credito
2017-04-28,2541650.27,47,36,39,13,5,100,-4
2017-04-29,35844966.31,54,43,30,13,4,76,0
2017-04-30,3751555.2,55,41,24,14,3,71,0
2017-05-01,4120339.35,46,31,39,13,5,74,-2
2017-05-02,126151119.6,42,33,42,13,6,68,-4
2017-05-03,108572736.4,41,29,39,14,6,59,-2
2017-05-04,109177606.8,42,29,35,13,5,65,-4
2017-05-05,103767039.9,43,35,36,13,6,57,0
2017-05-06,10404241.26,52,34,31,14,4,51,-1
2017-05-07,8839660.18,55,49,21,14,4,45,-3
2017-05-08,134383972.8,54,37,24,15,4,46,0
2017-05-09,122552432.2,46,30,38,14,6,48,-6
2017-05-10,109437843.4,40,31,36,13,6,44,0
2017-05-11,106572523.5,38,29,34,14,6,43,-3
2017-05-12,116855292.2,43,26,38,13,4,41,0
2017-05-13,12910189.28,50,33,30,14,3,35,-1
2017-05-14,6482970.12,53,40,23,15,3,33,-4
2017-05-15,132186126.4,43,30,37,13,5,40,-5
2017-05-16,112122269.1,38,28,35,13,5,37,-3
2017-05-17,116921018.2,37,32,41,14,5,41,-3
2017-05-18,114632227.1,40,32,38,13,5,43,-3
2017-05-19,118579421.4,39,31,37,14,5,40,-2
2017-05-20,12513304.69,50,52,28,14,3,30,-1
2017-05-21,4584353.48,49,100,25,15,3,26,0
2017-05-22,146638523.2,42,30,37,16,6,33,0
2017-05-23,126786801.5,39,30,36,15,5,35,-7
2017-05-24,114683923.6,39,30,35,14,5,36,-4
2017-05-25,120988146,41,28,36,14,5,35,-5
2017-05-26,137164165.1,42,27,35,15,5,34,-2
2017-05-27,16177419.2,49,33,31,13,3,30,-2
2017-05-28,4060441.7,52,42,26,14,4,24,0
2017-05-29,152347136.9,42,34,39,14,5,37,-4
2017-05-30,133330810.6,42,27,43,15,5,35,0
2017-05-31,163944957.3,41,28,40,14,5,37,-4
2017-06-01,119903297.2,39,29,36,15,5,30,-5
2017-06-02,104400678.3,46,27,39,15,5,32,-7
2017-06-03,2631546,55,36,32,16,4,27,0
2017-06-04,23088228,57,45,24,14,4,22,-3
2017-06-05,170243312,48,28,38,15,6,30,0
2017-06-06,189679963,42,30,34,17,7,29,-8
2017-06-07,215124991.7,40,37,33,15,5,27,-6
2017-06-08,190026858.4,38,28,33,16,5,25,0
2017-06-09,185921862.2,42,28,38,14,5,27,-10
2017-06-10,22975187.62,50,30,30,15,3,22,-6
2017-06-11,17535271.56,56,34,23,16,3,20,0
2017-06-12,194925581,43,30,36,17,4,25,-2
2017-06-13,164675645.1,40,27,38,15,5,25,-4
2017-06-14,172428221.9,37,30,39,14,5,26,-5
2017-06-15,177300856.5,39,32,39,15,5,30,0
2017-06-16,174830874.3,42,27,41,14,4,31,-9
2017-06-17,17033771.1,47,40,30,14,3,29,-3
2017-06-18,6228825.62,55,55,24,14,2,23,0
2017-06-19,175021179.7,53,40,24,16,3,25,-8
2017-06-20,35335705.27,48,27,38,16,5,32,0
2017-06-21,273058226.6,42,29,38,14,6,29,0
2017-06-22,157676492.5,41,28,36,14,5,26,0
2017-06-23,165707494.7,42,26,38,13,5,30,-8
2017-06-24,18362340.9,49,36,28,15,3,27,-1
2017-06-25,7879545.65,54,38,18,14,3,24,-2
2017-06-26,184703871,42,36,36,15,5,30,-3
2017-06-27,151790026.8,38,37,38,14,5,28,-3
2017-06-28,172603810.2,40,28,38,14,5,26,-6
2017-06-29,177529508.4,42,27,40,15,5,28,-12
2017-06-30,207727016.4,43,25,48,15,5,29,-4
2017-07-01,17671017.85,49,33,36,13,5,23,-5
2017-07-02,3880715.16,50,38,23,14,3,20,0
2017-07-03,136142258.4,41,29,41,15,5,28,-5
2017-07-04,141455705.3,39,25,40,14,5,29,0
2017-07-05,138531979.5,39,29,41,15,6,26,-5
2017-07-06,12108886.03,41,27,38,14,6,27,-7
2017-07-07,261804557.9,41,28,44,15,4,38,-10
2017-07-08,31733893.56,52,41,34,17,4,27,0
2017-07-09,15223259.76,58,39,23,16,3,26,-1
2017-07-10,171357485.3,51,30,41,17,4,31,-8
2017-07-11,161317011.3,51,40,42,17,4,31,-6
2017-07-12,179748549.5,50,45,46,16,2,27,-9
2017-07-13,165920136.9,56,36,31,16,2,29,-9
2017-07-14,171740664.7,56,35,23,16,2,29,-2
2017-07-15,26478534.02,58,38,26,17,2,27,0
2017-07-16,8700618.6,56,40,24,17,2,23,-3
2017-07-17,190446855.2,52,33,44,18,5,30,-4
2017-07-18,165955046.9,48,43,39,18,5,28,-3
2017-07-19,185637543.5,44,46,39,16,3,28,0
2017-07-20,179669256.2,47,53,37,16,4,27,0
2017-07-21,180600702.9,45,30,37,16,4,26,-4
2017-07-22,23299655.74,51,35,30,16,2,22,-3
2017-07-23,7755705.02,50,59,28,16,2,19,-6
2017-07-24,197649969.4,41,31,39,17,4,27,-5
2017-07-25,175574877.5,43,26,38,16,4,26,0
2017-07-26,180018925.2,42,29,38,16,4,28,-12
2017-07-27,174944958.8,41,28,38,15,4,32,0
2017-07-28,209058129.3,47,30,54,19,4,79,-6
2017-07-29,21651945.04,61,41,41,19,4,62,-3
2017-07-30,6441313.24,64,45,21,18,2,56,-2
2017-07-31,246990352.3,67,37,19,21,3,67,0
2017-08-01,171790114.9,51,41,37,20,5,77,-7
2017-08-02,139299224.6,45,37,34,19,5,67,-3
2017-08-03,134139483.8,45,30,32,19,5,63,-2
2017-08-04,141618395.3,57,34,37,19,4,66,-2
2017-08-05,16643337.85,61,48,28,19,3,50,-1
2017-08-06,5515706.59,58,90,20,19,3,46,-1
2017-08-07,185824728.8,49,35,33,20,6,65,-2
2017-08-08,163268649.5,49,36,30,20,5,64,0
2017-08-09,158867576.2,50,40,28,18,4,58,-3
2017-08-10,153394284.5,50,38,31,20,5,66,0
2017-08-11,164448292.2,49,39,37,19,4,69,-3
2017-08-12,21427029.65,58,38,31,21,3,54,0
2017-08-13,6354326.4,62,58,23,22,3,46,0
2017-08-14,173231647.5,54,42,39,20,4,61,-1
2017-08-15,164749138.6,49,29,35,19,5,70,0
2017-08-16,154045472.2,44,32,37,18,5,69,-5
2017-08-17,146049238.6,44,28,35,19,5,74,0
2017-08-18,154306728.2,45,33,37,19,5,63,-3
2017-08-19,16376058.92,55,34,26,21,3,55,0
2017-08-20,643021.49,57,64,21,20,3,60,0
2017-08-21,176575861.3,42,47,38,21,5,70,0
2017-08-22,149476353.6,44,30,32,21,4,73,-1
2017-08-23,154870656,44,35,29,22,5,75,-4
2017-08-24,132540502.7,45,37,29,23,5,100,-3
2017-08-25,154025411.2,51,57,37,23,4,96,-2
2017-08-26,20874154.25,56,44,25,29,3,74,-2
2017-08-27,4798037.4,59,100,14,28,3,65,0
2017-08-28,173867392.7,50,51,36,45,5,65,-1
2017-08-29,157982850.1,49,32,36,37,5,66,-4
2017-08-30,172689110.9,49,33,40,36,5,77,0
2017-08-31,177173886.3,52,31,33,35,6,82,0
2017-09-01,129283024.4,50,34,36,32,5,77,0
2017-09-02,10952402.36,59,54,23,28,4,61,0
2017-09-03,3571544.79,62,39,13,23,2,54,0
2017-09-04,136489178.9,50,40,31,21,4,71,-3
2017-09-05,119511562.8,55,42,36,26,6,70,-3
2017-09-06,120239609,55,37,34,23,6,67,-3
2017-09-07,122184264.1,55,36,35,22,7,77,-3
2017-09-08,146159007.2,56,45,38,23,6,75,0
2017-09-09,2683299,68,38,27,25,4,54,-1
2017-09-10,12060220,81,44,16,25,4,53,0
2017-09-11,221575779,73,50,36,23,7,70,0
2017-09-12,256291503,66,38,39,23,8,75,-2
2017-09-13,216225412.9,60,38,39,22,8,78,-3
2017-09-14,212855859.2,60,36,39,25,8,81,-2
2017-09-15,209795773.1,60,36,42,24,8,78,0
2017-09-16,15939451.66,70,42,28,24,5,59,0
2017-09-17,14584750.91,74,66,14,23,4,50,-1
2017-09-18,172058204.2,60,39,39,25,8,72,-2
2017-09-19,148675348.3,60,37,35,24,7,73,0
2017-09-20,151828624.7,54,93,32,22,7,63,-3
2017-09-21,168401028.5,59,42,32,22,7,68,0
2017-09-22,179787340.4,59,39,39,23,7,65,-4
2017-09-23,25527749.27,69,78,27,22,5,54,-2
2017-09-24,8695385.33,72,45,15,24,4,53,0
2017-09-25,189057031.3,61,37,35,25,7,69,-2
2017-09-26,151934153.5,59,38,36,25,8,68,-3
2017-09-27,153223651.3,59,60,39,22,7,62,-2
2017-09-28,170301515.7,53,100,37,22,7,67,0
2017-09-29,162472920.6,68,42,59,26,8,75,-4
2017-09-30,33936369.01,71,43,35,24,5,58,-3
2017-10-01,4769314.91,73,67,15,28,5,53,0
2017-10-02,193960983.4,64,38,43,31,9,78,-3
2017-10-03,170574741,67,40,38,27,9,73,-3
2017-10-04,146036753.1,62,41,39,29,10,66,-3
2017-10-05,140391382.9,61,40,38,27,10,73,0
2017-10-06,155268859.7,61,40,41,26,9,82,-3
2017-10-07,22639860.86,68,46,28,27,7,62,0
2017-10-08,29173156.73,76,50,16,30,6,54,-5
2017-10-09,159827932.1,65,45,38,39,11,72,-5
2017-10-10,150142762.8,65,42,38,58,10,69,0
2017-10-11,140110727.8,65,42,38,36,10,68,-8
2017-10-12,150617457.5,63,40,39,29,8,70,-2
2017-10-13,194160422.4,62,47,48,28,8,79,-2
2017-10-14,39121241.42,73,44,33,28,6,69,-3
2017-10-15,12835088.91,78,51,18,31,5,65,-3
2017-10-16,189171637.5,66,48,43,28,9,73,-1
2017-10-17,186653592.1,63,41,40,27,9,74,-4
2017-10-18,164639666.4,66,41,38,29,10,72,-1
2017-10-19,163446497.9,67,41,38,27,9,73,-2
2017-10-20,190350175,65,47,42,26,8,64,-5
2017-10-21,28822365.91,73,53,30,28,5,61,0
2017-10-22,10265685.21,77,51,20,28,6,49,-3
2017-10-23,191736959.4,65,47,40,28,9,65,0
2017-10-24,147814232.3,71,41,40,28,12,72,-2
2017-10-25,145503621.5,68,41,40,27,12,72,-4
2017-10-26,152478470.8,67,42,41,27,11,74,0
2017-10-27,171292952.9,70,41,50,26,10,71,-6
2017-10-28,28696704.21,73,48,31,24,7,73,-4
2017-10-29,9624076.68,79,48,21,30,6,69,0
2017-10-30,192002347.4,72,42,53,27,12,96,-2
2017-10-31,165979600,72,42,45,29,14,95,-2
2017-11-01,143530989.2,67,45,39,27,16,90,-2
2017-11-02,19124287.99,67,46,39,26,19,91,0
2017-11-03,148524454.9,63,42,42,26,21,98,-2
2017-11-04,25869319.65,70,51,31,26,11,79,-1
2017-11-05,1230964.36,78,49,21,26,9,64,-1
2017-11-06,148388316,68,41,40,27,15,83,0
2017-11-07,129557208.1,63,45,38,27,14,76,-3
2017-11-08,135614188.6,61,41,36,27,13,85,-1
2017-11-09,144893537.2,60,43,39,26,13,83,-2
2017-11-10,148719055.6,65,38,43,27,12,82,-2
2017-11-11,27789030.47,73,49,31,25,9,78,0
2017-11-12,11398463.82,75,55,19,28,6,69,0
2017-11-13,175765464.3,66,39,45,26,14,83,-2
2017-11-14,157535347.3,64,39,46,28,14,81,0
2017-11-15,152874557,59,45,40,27,16,89,-1
2017-11-16,141113693,59,40,41,27,16,83,0
2017-11-17,151287273.3,63,38,41,26,13,77,0
2017-11-18,23104674.95,66,50,30,25,9,71,-2
2017-11-19,6871343.15,78,50,21,26,8,68,0
2017-11-20,9033818.15,56,55,36,23,11,83,-5
2017-11-21,169742991.8,59,38,39,24,12,93,-2
2017-11-22,147698375.1,54,41,35,23,13,88,-2
2017-11-23,146047683.6,55,40,37,23,13,81,-2
2017-11-24,138620057,55,39,43,25,12,80,-1
2017-11-25,21577793.85,70,53,29,25,9,62,-2
2017-11-26,6299222.84,71,83,18,25,8,62,0
2017-11-27,153178744.8,58,40,37,26,11,90,-2
2017-11-28,137570294.2,53,40,37,25,13,88,0
2017-11-29,164309050.4,56,42,39,22,13,84,-2
2017-11-30,177722234.7,55,40,42,22,14,79,-2
2017-12-01,124709056.8,60,40,40,24,13,73,-2
2017-12-02,15820818.43,74,54,31,26,11,61,-1
2017-12-03,5554376.18,80,44,18,26,9,60,-2
2017-12-04,119541573.1,60,38,40,26,14,79,-3
2017-12-05,118301710.6,55,41,35,24,14,81,-1
2017-12-06,128250436.7,58,45,33,22,13,81,-3
2017-12-07,139826995,54,39,32,23,13,70,-5
2017-12-08,148451786.7,38,39,25,14,7,68,-1
2017-12-09,1417300,53,43,21,16,6,65,-2
2017-12-10,17900545.23,54,38,13,17,5,57,-1
2017-12-11,235363894.3,45,29,26,17,8,71,-4
2017-12-12,49537915.72,100,29,24,19,8,80,-1
2017-12-13,219025847.1,99,27,24,17,9,77,0
2017-12-14,78940014.65,64,25,28,16,8,75,-1
2017-12-15,308851079.5,60,26,33,17,8,72,0
2017-12-16,54014756.78,68,46,16,18,5,57,0
2017-12-17,13822241.84,62,56,13,17,5,53,0
2017-12-18,174546787.1,50,30,30,19,10,68,-6
2017-12-19,166144807.5,44,54,22,15,9,65,-1
2017-12-20,157712898.5,40,58,21,16,7,74,-1
2017-12-21,147629895.1,40,66,22,15,6,71,-2
2017-12-22,143559013.7,45,40,24,16,6,70,-4
2017-12-23,20903791.83,53,39,17,16,5,58,-4
2017-12-24,9780293.31,56,34,11,18,4,72,-3
2017-12-25,5815802.27,47,31,25,18,11,100,-3
2017-12-26,130974643.5,45,30,24,17,10,92,-4
2017-12-27,112786256.8,46,34,26,18,9,79,-1
2017-12-28,109407699.8,45,32,28,17,8,80,-3
2017-12-29,113768109.6,49,28,42,19,7,73,0
2017-12-30,20300790.33,57,36,27,17,5,68,0
2017-12-31,6610466.3,59,34,16,20,4,61,0
2018-01-01,3582208.95,45,28,29,18,7,80,-1
2018-01-02,188007247.4,45,26,27,16,7,79,-3
2018-01-03,166279668.7,46,25,24,16,7,81,-6
2018-01-04,167564894.4,43,29,25,16,7,76,-1
2018-01-05,158520148.8,45,28,29,17,8,76,-1
2018-01-06,15787324.41,55,34,19,18,5,69,-1
2018-01-07,14659968.05,57,32,11,18,3,57,-1
2018-01-08,205464501.9,47,26,25,20,7,81,-1
2018-01-09,188909230.5,44,31,24,17,6,89,-5
2018-01-10,180510113.2,40,34,23,16,9,85,-2
2018-01-11,179115080.8,41,27,24,17,6,84,-3
2018-01-12,200262155.7,42,29,32,18,6,89,0
2018-01-13,28549945.22,56,37,24,18,5,76,-1
2018-01-14,8196987,54,35,13,17,3,61,-2
2018-01-15,212460041.6,46,29,28,18,10,95,0
2018-01-16,181501318.4,42,30,28,17,10,94,-3
2018-01-17,186599968,40,32,25,17,9,88,-2
2018-01-18,176487054.4,41,31,25,17,7,80,0
2018-01-19,190430339.3,42,28,28,17,6,80,0
2018-01-20,20013779.58,52,35,20,17,4,67,-2
2018-01-21,5749127.04,52,33,14,18,5,62,-1
2018-01-22,206090383.6,40,28,25,19,7,81,-2
2018-01-23,175056134.5,41,27,24,18,7,84,-3
2018-01-24,176612239.1,40,30,25,17,6,88,-3
2018-01-25,159406849,40,31,26,17,6,84,-4
2018-01-26,177553258.1,45,26,29,18,7,82,0
2018-01-27,22046872.95,51,30,22,15,4,64,0
2018-01-28,6298593.57,57,32,16,17,3,55,-1
2018-01-29,198059972.4,44,26,30,18,6,68,0
2018-01-30,175178306.9,40,25,32,16,7,63,-6
2018-01-31,208831759.2,43,31,29,17,7,60,-7
2018-02-01,141202196,52,31,22,19,5,59,0
2018-02-02,138266512.9,57,28,31,20,5,67,-5
2018-02-03,1516600,69,32,24,19,4,55,-4
2018-02-04,712900,65,36,15,19,4,46,-3
2018-02-05,9400,54,29,29,21,6,65,-2
2018-02-06,206407755.5,55,26,26,19,5,64,0
2018-02-07,154155243,50,25,24,21,6,62,-2
2018-02-08,158177426.8,47,25,24,21,6,58,-4
2018-02-09,168853161.8,47,35,27,20,6,55,-4
2018-02-10,1164812.9,59,30,20,22,3,50,-4
2018-02-11,1388500,63,32,11,24,3,50,-3
2018-02-12,231351834.8,51,43,24,23,6,60,-2
2018-02-13,169115174.1,48,27,29,23,6,59,-2
2018-02-14,165927239,46,27,31,25,6,56,0
2018-02-15,157736557.7,48,28,28,26,5,62,-3
2018-02-16,169278194.6,62,33,33,44,5,59,-2
2018-02-17,2823958.28,78,44,26,44,3,52,-1
2018-02-18,2986582.85,81,44,18,39,3,45,-2
2018-02-19,209690341.5,77,44,17,38,3,51,0
2018-02-20,152639527.7,58,31,27,33,5,64,-3
2018-02-21,153578529.9,50,29,26,31,5,61,0
2018-02-22,147221155.1,48,31,26,33,5,61,-7
2018-02-23,163246155.8,50,31,28,56,6,67,-6
2018-02-24,1032474.85,62,34,21,42,4,54,0
2018-02-25,1918900,62,39,15,34,3,49,-2
2018-02-26,216824833.5,53,35,29,41,5,63,0
2018-02-27,175143934.4,45,25,26,32,5,66,0
2018-02-28,214577144.9,45,26,28,25,5,58,-1
2018-03-01,171071194.5,44,27,33,24,5,60,-3
2018-03-02,185733008.5,48,39,31,25,5,58,0
2018-03-03,25008630.12,58,31,24,25,4,53,-2
2018-03-04,38724344,65,39,14,27,4,47,0
2018-03-05,219994758.5,53,28,27,26,5,62,-4
2018-03-06,218868976,52,27,26,25,6,56,-4
2018-03-07,227031000.8,47,26,23,24,5,58,-2
2018-03-08,231685920,46,29,24,24,5,63,-1
2018-03-09,219907072.6,51,40,27,23,4,61,-3
2018-03-10,48086881.15,66,32,25,27,4,56,0
2018-03-11,17195504.19,68,39,14,28,4,47,1
2018-03-12,246101608.4,57,35,30,29,5,63,0
2018-03-13,204368237.8,60,32,26,29,6,64,-2
2018-03-14,191239785.4,56,27,31,28,7,67,-3
2018-03-15,209453867.8,56,28,31,28,6,59,-3
2018-03-16,211600415.9,61,27,36,29,7,59,0
2018-03-17,34057899.7,72,32,26,29,4,55,-1
2018-03-18,9132255.75,79,36,14,32,4,55,-1
2018-03-19,11887238.97,70,34,32,34,6,70,-3
2018-03-20,226585384.9,68,30,35,33,7,66,-1
2018-03-21,192759834.1,69,30,32,32,8,75,-1
2018-03-22,192455536.3,76,31,31,31,5,75,-3
2018-03-23,168834496.2,79,35,37,29,4,78,0
2018-03-24,31261156.36,82,37,23,27,3,79,-1
2018-03-25,12414694.83,89,33,11,27,3,62,0
2018-03-26,226743423.9,100,32,8,28,2,62,0
2018-03-27,172522900.6,94,35,30,33,4,96,0
2018-03-28,184421857.6,86,36,30,31,3,100,0
2018-03-29,13761028.15,84,33,32,32,4,89,-1
2018-03-30,11710448.68,84,34,37,27,3,80,-2
2018-03-31,15695446.42,89,34,27,26,2,65,-1
2018-04-01,6774457.38,80,34,12,25,1,54,0
2018-04-02,205351568.4,72,42,8,24,2,56,0
2018-04-03,185256435.5,80,37,29,32,5,85,-2
2018-04-04,172911977.9,78,34,28,32,5,80,-2
2018-04-05,183708104,83,35,29,30,4,79,-1
2018-04-06,179634759.6,79,34,31,29,4,82,-1
2018-04-07,29727310.11,93,40,23,26,3,67,-2
2018-04-08,29968043.38,85,46,15,27,3,61,0
2018-04-09,271993564.2,61,35,28,28,5,73,0
2018-04-10,240305585.4,59,30,27,26,5,69,-1
2018-04-11,248941319.9,53,29,26,25,5,69,-2
2018-04-12,206182111.3,53,29,27,24,6,70,-2
2018-04-13,213834311.5,54,31,29,23,5,83,-1
2018-04-14,37361446.27,63,39,24,24,4,67,-1
2018-04-15,12781061.52,65,45,13,24,3,54,0
2018-04-16,231724901.7,52,30,30,24,5,71,0
2018-04-17,188897073.1,49,28,28,24,5,64,-3
2018-04-18,191823445.1,50,30,27,22,5,66,0
2018-04-19,179205701.2,51,30,26,24,5,68,0
2018-04-20,194856104.9,50,32,29,23,6,67,0
2018-04-21,26335548.32,62,36,21,22,4,65,-2
2018-04-22,10827958.85,61,39,15,25,3,57,0
2018-04-23,217964067.2,52,32,29,24,6,66,0
2018-04-24,184810876.3,49,31,24,22,6,65,-6
2018-04-25,185859730.7,48,30,26,22,6,66,-2
2018-04-26,194605506.5,47,32,25,23,6,65,-1
2018-04-27,204188165.1,49,33,28,22,6,64,0
2018-04-28,22576757.71,58,38,22,22,4,59,0
2018-04-29,5534002.08,62,40,15,23,4,48,-1
2018-04-30,259874079.9,49,33,27,22,6,64,-3
2018-05-01,8000643.08,45,30,29,21,6,60,0
2018-05-02,204342533.6,44,28,30,20,6,46,-6
2018-05-03,180891673.6,41,33,28,22,6,40,-3
2018-05-04,178689154.4,44,30,29,21,6,40,0
2018-05-05,21275293.3,55,35,26,22,4,37,0
2018-05-06,26447263.08,61,42,16,23,3,29,0
2018-05-07,266922793.5,58,38,16,24,3,37,0
2018-05-08,230225608.3,47,31,27,23,6,48,-2
2018-05-09,236873236.9,43,28,26,20,6,42,-2
2018-05-10,185646539.5,41,28,25,21,5,44,0
2018-05-11,211278858.8,43,29,27,19,5,40,-7
2018-05-12,34213787.49,84,59,36,35,6,35,-4
2018-05-13,19322514.24,83,66,24,35,6,28,-2
2018-05-14,260322357.5,67,51,38,34,9,38,-2
2018-05-15,208796997.1,66,50,42,33,9,38,0
2018-05-16,199029494.6,59,60,41,29,7,34,-2
2018-05-17,189907654.6,67,52,50,34,7,37,0
2018-05-18,184589431.6,65,48,48,33,9,38,0
2018-05-19,29431045.79,86,58,38,31,7,33,0
2018-05-20,10765012.75,86,60,25,37,7,28,-4
2018-05-21,204530438.1,69,64,44,32,8,37,0
2018-05-22,173285233,69,56,40,30,10,35,-1
2018-05-23,181263641.8,67,45,40,31,10,35,-3
2018-05-24,150808588.2,71,47,40,31,9,36,0
2018-05-25,172706384.8,79,47,45,32,9,36,-1
2018-05-26,20881492.07,86,54,39,36,8,33,0
2018-05-27,9257923.69,89,60,24,33,5,27,0
2018-05-28,189501034.8,71,47,46,35,9,37,-3
2018-05-29,161387115.7,69,44,45,32,9,36,-3
2018-05-30,190971743.2,70,44,51,32,9,36,0
2018-05-31,187445306,69,46,46,33,9,37,-2
2018-06-01,172187226.1,67,46,48,33,9,38,0
2018-06-02,19096024.02,83,61,42,34,6,34,0
2018-06-03,6670678.9,83,100,26,33,7,27,0
2018-06-04,171263882.8,69,57,44,33,10,38,-2
2018-06-05,148868977.8,62,55,41,33,9,38,0
2018-06-06,149725296.5,62,46,40,33,8,37,-3
2018-06-07,157484564,60,46,38,30,9,35,-1
2018-06-08,191741396.7,69,46,42,36,9,39,0
2018-06-09,3706474.85,83,55,39,37,8,31,-2
2018-06-10,70941112,85,59,25,40,6,30,0
2018-06-11,341269794,69,50,43,38,9,37,0
2018-06-12,295680539.4,62,47,43,36,10,38,-2
2018-06-13,269445519.8,61,49,40,35,9,35,-2
2018-06-14,257719859.7,62,44,47,34,11,34,0
2018-06-15,256114306.9,67,44,49,33,12,38,-5
2018-06-16,65214972.25,83,58,39,34,7,30,0
2018-06-17,24779271.1,89,64,30,37,7,29,0
2018-06-18,240919962.8,85,55,26,39,8,32,0
2018-06-19,225844237.1,72,45,48,33,10,36,-2
2018-06-20,212149668.5,68,41,44,31,10,33,0
2018-06-21,194388141.4,62,44,43,31,10,36,-5
2018-06-22,215321903.9,69,44,50,33,11,38,0
2018-06-23,29104318.54,87,62,37,31,8,32,0
2018-06-24,18634022.16,90,55,21,38,5,33,-3
2018-06-25,223819997.6,83,49,50,41,8,41,0
2018-06-26,193482687.1,84,53,50,36,7,39,0
2018-06-27,168820529.9,83,54,62,35,5,38,-1
2018-06-28,205900028.3,92,51,42,37,5,33,0
2018-06-29,220392263.9,98,64,26,36,6,29,0
2018-06-30,37374451.89,93,72,32,37,5,30,0
2018-07-01,11618043.4,94,65,26,35,4,30,0
2018-07-02,141128167.5,83,49,54,38,9,45,0
2018-07-03,173685902.9,83,59,49,36,8,46,-2
2018-07-04,164999601.1,81,57,49,36,9,41,-6
2018-07-05,158394475.9,77,51,47,36,7,49,-3
2018-07-06,159964193.7,79,50,46,36,7,100,-1
2018-07-07,20275513.39,85,58,38,35,4,62,-3
2018-07-08,17233446.49,88,76,26,35,5,42,-2
2018-07-09,209134869.3,73,49,43,36,8,44,-5
2018-07-10,178473382.1,66,52,41,34,8,40,0
2018-07-11,177509886.9,64,62,40,33,7,39,-1
2018-07-12,185431346.8,66,43,41,33,7,36,-2
2018-07-13,186967259.3,66,45,53,34,7,41,0
2018-07-14,30245444.06,80,58,39,32,5,77,0
2018-07-15,12354622.28,87,60,26,34,4,42,-1
2018-07-16,196804185.2,70,48,49,35,6,47,0
2018-07-17,173951546.7,71,43,46,35,6,42,0
2018-07-18,168818855.9,66,47,43,35,7,39,0
2018-07-19,169162931.8,65,44,43,36,7,38,-3
2018-07-20,181423255.3,67,44,45,33,7,37,-1
2018-07-21,26890191.53,81,56,36,39,5,31,-1
2018-07-22,14197937.56,85,59,25,36,4,30,0
2018-07-23,201809076.3,65,49,50,36,6,39,-2
2018-07-24,172519450.5,66,48,43,34,6,42,-4
2018-07-25,174853863.3,67,53,40,34,6,43,-7
2018-07-26,176445948.5,67,61,43,33,7,41,0
2018-07-27,191253181.9,72,53,53,32,5,41,-3
2018-07-28,23475597.96,80,58,45,34,5,30,0
2018-07-29,7781073.71,92,61,28,35,3,28,-1
2018-07-30,184145506.4,74,47,60,36,7,37,-4
2018-07-31,193960662.3,84,68,36,37,6,33,-2
2018-08-01,162459613.6,68,53,48,35,6,19,0
2018-08-02,140585503.5,65,49,47,35,9,20,-2
2018-08-03,152924674.6,70,51,51,34,9,20,-1
2018-08-04,20399994.88,86,56,37,36,6,17,0
2018-08-05,20055656.21,87,86,26,40,4,15,0
2018-08-06,191517139.9,67,49,44,35,7,21,-1
2018-08-07,161799209.2,66,44,42,34,7,25,-1
2018-08-08,162351616,67,46,45,36,7,28,0
2018-08-09,165264075.2,74,46,40,36,5,21,-2
2018-08-10,168742260.8,34,28,22,16,2,21,-1
2018-08-11,30807475.48,38,26,17,17,2,16,-2
2018-08-12,10087976.97,41,27,10,17,2,15,0
2018-08-13,177862030.6,34,25,23,17,2,19,0
2018-08-14,163347002.3,33,22,23,16,2,24,-1
2018-08-15,157546432.1,31,22,21,16,3,24,-1
2018-08-16,167951066.2,29,22,21,15,3,23,-4
2018-08-17,164032780.5,31,25,22,15,2,23,-1
2018-08-18,25559188.35,33,25,16,15,2,18,0
2018-08-19,9280790.26,42,27,9,16,2,14,-1
2018-08-20,185204255.7,30,28,19,15,3,22,0
2018-08-21,134311513.5,31,21,19,16,4,21,-1
2018-08-22,140188035.9,30,21,18,17,3,19,0
2018-08-23,140062082.2,31,20,19,17,3,22,0
2018-08-24,149880451.7,33,22,21,18,3,21,0
2018-08-25,17550731.57,36,36,15,18,2,16,-2
2018-08-26,6650470.57,40,28,9,20,2,14,-1
2018-08-27,163174816.2,36,22,20,29,3,19,-1
2018-08-28,141380475.2,32,25,19,25,3,18,-1
2018-08-29,153195249.6,33,21,21,23,3,21,0
2018-08-30,158698184.4,32,21,23,24,3,28,0
2018-08-31,181362978.6,33,21,22,22,3,27,-1
2018-09-01,24371174.76,42,26,16,20,2,19,0
2018-09-02,4751864.48,41,28,9,19,3,17,0
2018-09-03,153097971.7,32,22,19,17,3,21,0
2018-09-04,117865896,33,21,19,16,3,23,0
2018-09-05,123782100.2,31,22,19,16,3,24,-1
2018-09-06,128171692,30,22,18,16,3,23,-1
2018-09-07,146981773.1,32,21,21,16,4,28,-2
2018-09-08,4974161.97,41,35,13,14,2,20,0
2018-09-09,79570141.91,46,26,8,18,2,22,0
2018-09-10,335003716.3,36,24,18,16,4,28,0
2018-09-11,273085358.3,38,24,17,16,4,29,0
2018-09-12,246103269.9,35,26,18,15,4,26,-1
2018-09-13,238546283.4,33,68,19,15,3,22,-4
2018-09-14,236314567.2,33,59,23,15,3,22,-1
2018-09-15,49781843.98,36,46,17,15,2,21,-1
2018-09-16,23710778.33,38,70,7,14,1,15,-2
2018-09-17,243336554.3,32,35,19,15,4,23,-2
2018-09-18,169774635.7,32,34,19,15,3,26,-3
2018-09-19,160734729.2,32,39,17,15,3,36,-2
2018-09-20,169680398.9,32,42,18,13,3,34,-1
2018-09-21,168667347.6,31,34,21,15,3,31,-5
2018-09-22,37839326.05,35,100,12,13,3,19,-7
2018-09-23,19875463.27,42,37,9,15,2,18,-4
2018-09-24,181063078.2,34,36,20,16,4,23,-7
2018-09-25,168616142,33,41,19,15,4,23,-9
2018-09-26,174736910.2,29,100,16,13,3,19,0
2018-09-27,163552137.5,35,31,19,15,4,23,-9
2018-09-28,188362624.3,37,25,26,16,4,24,-6
2018-09-29,32648630.09,37,54,17,14,3,18,0
2018-09-30,6333046.85,35,49,7,14,3,19,-4
2018-10-01,167690494.4,27,63,16,11,4,100,-13
2018-10-02,156857327.4,33,29,19,15,6,43,-7
2018-10-03,191997069.3,35,23,19,18,6,35,-10
2018-10-04,186279313,36,23,19,18,6,31,-14
2018-10-05,190665461.9,35,32,19,17,5,31,-5
2018-10-06,27294886.32,36,46,15,16,3,28,-10
2018-10-07,28008004.86,44,28,9,18,3,25,-6
2018-10-08,270131577.3,39,26,19,19,6,30,-8
2018-10-09,257045175.8,37,32,19,18,6,29,-18
2018-10-10,256720912.5,38,31,18,18,6,30,-9
2018-10-11,229989201.8,39,24,20,19,5,30,-17
2018-10-12,250179539.8,39,22,23,18,5,32,-15
2018-10-13,42847040.47,43,31,16,19,3,28,-16
2018-10-14,17448732.2,42,39,10,21,3,26,-5
2018-10-15,257886867.9,41,26,21,40,5,33,-9
2018-10-16,217690088.2,38,23,22,42,6,33,-6
2018-10-17,201635043.8,39,23,19,28,5,33,-11
2018-10-18,193936070.3,40,23,19,20,5,29,-9
2018-10-19,215842612.2,39,23,21,19,4,27,-13
2018-10-20,30582190.64,42,27,15,18,3,23,-7
2018-10-21,9282272.53,42,32,11,19,2,20,-12
2018-10-22,228388640.2,39,25,20,19,5,28,-7
2018-10-23,200754749.3,37,22,21,20,5,27,-7
2018-10-24,182439218.1,37,22,21,18,6,28,-12
2018-10-25,187297644.1,38,22,20,20,5,26,-18
2018-10-26,192164452.1,38,23,21,19,5,26,-18
2018-10-27,26407729.47,42,27,17,17,3,20,-9
2018-10-28,7837169.9,43,33,12,19,3,19,-3
2018-10-29,141200576.6,38,24,25,20,6,26,-14
2018-10-30,122148963.3,39,22,26,20,7,25,-12
2018-10-31,137356802.9,38,23,24,19,6,24,-10
2018-11-01,124109743,38,25,21,19,6,24,-6
2018-11-02,13736642.51,37,24,22,18,6,36,-7
2018-11-03,38733819.46,40,27,17,17,4,28,-4
2018-11-04,20781433.9,43,30,11,18,4,26,-13
2018-11-05,161449996.4,37,24,20,19,7,36,-4
2018-11-06,138011124.6,36,22,20,19,7,34,-13
2018-11-07,121978940.7,36,23,20,18,8,33,-8
2018-11-08,130981622.2,36,22,19,19,7,33,-12
2018-11-09,134552100.6,36,22,19,18,7,35,-7
2018-11-10,21782473.93,40,29,15,17,5,30,-6
2018-11-11,6578149.06,74,57,19,31,7,25,-2
2018-11-12,140860428.3,63,44,38,32,13,37,-8
2018-11-13,125160407.6,61,38,37,30,14,38,-11
2018-11-14,112921708.4,56,39,37,32,15,35,-9
2018-11-15,123263641.7,62,38,35,29,13,34,-5
2018-11-16,136625304.2,59,38,36,29,13,32,-11
2018-11-17,20966516.98,64,51,30,30,8,25,-4
2018-11-18,5541008.46,67,52,20,30,8,24,-1
2018-11-19,6993523.21,55,38,36,32,14,31,-5
2018-11-20,146680863,51,34,32,28,14,30,-8
2018-11-21,120818270.7,48,36,31,27,12,31,-6
2018-11-22,116226232.8,48,38,31,27,14,32,-9
2018-11-23,118156802.7,52,33,32,29,13,33,0
2018-11-24,18136220.61,64,45,28,32,9,26,-13
2018-11-25,5874221.91,60,48,19,31,7,23,-5
2018-11-26,133018728.9,51,33,35,30,14,41,-6
2018-11-27,116426128,48,35,31,30,14,37,-7
2018-11-28,115294672.4,52,37,32,27,15,37,-5
2018-11-29,115431308.1,47,34,33,27,15,41,1
2018-11-30,128262118.3,51,34,43,28,16,38,-4
2018-12-01,7590548.22,63,44,34,27,10,32,-2
2018-12-02,4004344.91,66,46,21,31,7,26,-3
2018-12-03,108127765.3,54,33,36,30,11,33,-6
2018-12-04,104817118.6,52,32,32,28,10,32,-4
2018-12-05,96091094.24,47,35,31,29,10,33,-12
2018-12-06,107397783.1,48,33,29,27,8,29,-14
2018-12-07,119445215.2,52,34,32,27,9,32,-8
2018-12-08,1213940,64,46,26,29,7,27,-12
2018-12-09,73104737,68,41,14,30,8,25,-11
2018-12-10,532149058,54,33,33,28,13,31,-4
2018-12-11,369951888.4,51,34,31,28,13,26,-10
2018-12-12,111598150.8,87,38,30,29,10,29,-16
2018-12-13,451632902.6,100,34,30,28,10,30,-9
2018-12-14,334569246,83,35,39,30,9,30,-8
2018-12-15,122578599.4,84,46,31,27,7,26,-13
2018-12-16,46808337.65,75,95,17,27,5,20,-1
2018-12-17,348166230.5,63,36,38,32,11,29,-10
2018-12-18,304344296.1,59,41,33,30,10,28,-6
2018-12-19,278111359.7,57,37,29,28,11,28,-8
2018-12-20,263800015.3,56,35,29,27,11,26,-5
2018-12-21,238287839.9,65,35,35,27,11,27,-2
2018-12-22,55192875.57,80,46,27,29,7,22,-5
2018-12-23,26558595.71,82,54,19,30,5,20,0
2018-12-24,165488887.1,62,43,32,30,9,27,-8
2018-12-25,13225912.88,58,35,29,29,9,29,-13
2018-12-26,157257380.4,58,35,30,27,8,30,-12
2018-12-27,156753147.9,59,37,32,27,8,29,-12
2018-12-28,151426336.5,66,35,46,30,7,29,-9
2018-12-29,32881780.42,75,44,37,30,6,24,-13
2018-12-30,5901028.89,77,46,21,29,5,20,-4
2018-12-31,64826485.83,58,35,35,30,9,29,-6
2019-01-01,5210943.62,55,35,32,29,8,30,-8
2019-01-02,206871766,53,35,31,31,8,29,-18
2019-01-03,150128205.9,50,32,28,30,9,29,-9
2019-01-04,160720347,54,35,32,29,7,28,-11
2019-01-05,19612329.69,70,45,30,30,5,24,-7
2019-01-06,27569607.78,67,49,19,30,6,20,-2
2019-01-07,242607517.1,55,37,31,29,8,27,-15
2019-01-08,212344757.4,55,32,30,31,9,27,-5
2019-01-09,194216431,50,31,29,28,9,26,-5
2019-01-10,193883313.3,51,29,29,27,11,26,-14
2019-01-11,200934519.9,55,36,35,28,20,25,-11
2019-01-12,44581764.55,70,37,28,29,11,23,-5
2019-01-13,7257337.29,74,41,17,32,8,19,-13
2019-01-14,377869114.7,55,35,35,33,11,25,-9
2019-01-15,374740062.5,48,33,32,31,10,26,-8
2019-01-16,391595712.7,48,38,30,28,9,26,-13
2019-01-17,359507704,51,32,30,30,9,28,-10
2019-01-18,368129282.5,53,35,31,28,7,32,-9
2019-01-19,52814974.78,64,45,30,28,5,27,-4
2019-01-20,37730336.68,68,44,21,30,4,24,-2
2019-01-21,448250924.3,54,35,30,30,8,29,-2
2019-01-22,371306228.2,51,37,28,30,8,28,-8
2019-01-23,357982097.8,49,38,28,28,7,29,0
2019-01-24,336518568.8,50,34,28,28,7,30,0
2019-01-25,355115625.9,59,33,34,30,7,29,0
2019-01-26,79509643.58,66,45,28,28,5,22,-2
2019-01-27,23920073.77,65,53,20,31,4,20,0
2019-01-28,367905181.5,56,35,33,30,7,100,-6
2019-01-29,322003051.9,52,30,32,28,8,83,0
2019-01-30,299543877.2,53,31,39,26,6,59,-11
2019-01-31,314931300.5,58,36,37,29,6,51,0
2019-02-01,409839213.7,72,39,29,33,5,44,-5
2019-02-02,56020677.95,67,48,30,33,5,35,-6
2019-02-03,50326859.84,72,45,19,32,5,44,-3
2019-02-04,15802683.93,61,40,32,31,9,60,-13
2019-02-05,272819096.5,53,37,31,32,11,61,0
2019-02-06,241765501.8,60,35,29,32,8,76,0
2019-02-07,249499478.1,53,35,31,31,9,60,-11
2019-02-08,256454369.8,55,36,32,36,9,71,-10
2019-02-09,43016760.79,67,46,30,35,7,49,-14
2019-02-10,29813177.04,69,51,23,34,5,39,-3
2019-02-11,317200024.5,59,41,33,37,8,54,0
2019-02-12,270001221,48,29,26,31,7,53,0
2019-02-13,269310540.2,48,30,25,34,8,57,0
2019-02-14,231326829.8,51,29,28,36,6,51,0
2019-02-15,260503960.3,70,39,34,60,8,51,-13
2019-02-16,46609897.02,87,48,29,59,5,41,0
2019-02-17,16844715.08,93,48,16,57,4,37,-7
2019-02-18,285839462.4,83,47,19,57,5,44,-10
2019-02-19,243466025.8,65,35,30,45,7,52,-5
2019-02-20,212862055.9,53,30,27,36,8,48,-6
2019-02-21,228176903.2,52,29,24,40,10,48,-16
2019-02-22,235188803.4,53,31,27,66,9,49,-9
2019-02-23,34417988.34,65,41,24,48,6,40,-11
2019-02-24,15991321.37,62,40,18,38,4,33,-7
2019-02-25,264366638.7,53,31,25,48,7,51,-4
2019-02-26,226313331.8,47,29,25,39,6,64,-5
2019-02-27,264409235.4,44,29,27,32,7,52,-5
2019-02-28,292266697.6,46,42,27,30,7,47,-2
2019-03-01,267141303.3,49,32,35,31,8,51,-2
2019-03-02,33251352.27,60,53,26,31,9,100,-5
2019-03-03,15572709.37,60,42,17,32,8,84,-6
2019-03-04,250607499.9,52,31,29,32,12,83,-2
2019-03-05,197272428.7,49,27,28,33,12,66,-11
2019-03-06,222777215.4,47,27,25,32,12,50,-5
2019-03-07,229506289.7,50,34,28,31,15,49,-7
2019-03-08,267315852.2,54,31,29,33,11,51,-5
2019-03-09,9609700,66,35,25,35,8,41,-11
2019-03-10,54358523,65,44,16,37,6,36,-7
2019-03-11,503991461,55,31,28,38,10,48,-9
2019-03-12,414229205.4,53,30,29,37,9,46,-9
2019-03-13,402510545.2,58,32,25,37,9,45,-5
2019-03-14,382750030.7,56,31,29,36,9,51,-6
2019-03-15,416848820.2,55,41,37,35,10,43,-4
2019-03-16,111190853.9,64,34,31,38,8,37,-3
2019-03-17,46808885.5,72,52,15,42,6,35,-6
2019-03-18,43883485.59,62,47,32,46,11,48,-6
2019-03-19,377617134.5,67,33,32,43,10,52,-4
2019-03-20,328024879.7,69,32,31,43,8,52,-7
2019-03-21,290784796.2,74,33,32,46,8,59,-10
2019-03-22,301364676.8,72,32,34,41,6,61,-8
2019-03-23,74966283.39,78,35,27,40,6,50,-9
2019-03-24,34806809.86,92,41,15,38,4,42,-6
2019-03-25,345200941.8,87,36,25,37,4,49,-4
2019-03-26,257182010.1,100,38,9,37,3,44,0
2019-03-27,281358605.3,90,36,27,45,5,60,-8
2019-03-28,274299456.8,82,37,29,42,5,53,-4
2019-03-29,330142023.5,76,35,32,40,5,64,2
2019-03-30,54641379.4,80,37,25,37,4,55,0
2019-03-31,6860008.32,84,42,14,38,4,45,-3
2019-04-01,296157917.6,74,33,27,36,5,53,-3
2019-04-02,239924844.6,73,44,12,30,4,55,-4
2019-04-03,236870438.3,73,36,29,40,11,70,-8
2019-04-04,216215872.5,76,36,28,42,12,63,-4
2019-04-05,239306021.1,81,32,30,42,9,64,-5
2019-04-06,38389877.51,82,46,24,38,8,52,-1
2019-04-07,44427891.15,91,45,15,39,6,44,-1
2019-04-08,327160165.2,66,33,28,37,10,60,-8
2019-04-09,289675018.6,57,31,26,31,9,56,-4
2019-04-10,266776994,52,32,24,32,16,65,-9
2019-04-11,256656735.1,50,31,25,30,19,64,0
2019-04-12,255955248.5,51,31,28,31,16,65,-9
2019-04-13,61051163.94,60,42,22,29,11,62,-5
2019-04-14,25776774.19,61,43,15,33,9,50,-5
2019-04-15,300944807,49,32,27,32,11,70,0
2019-04-16,257840801.9,47,30,27,30,12,78,-14
2019-04-17,228968364.6,47,30,25,30,15,73,-7
2019-04-18,26259102.53,45,30,24,28,12,77,-7
2019-04-19,19886090.95,48,30,28,29,13,66,-6
2019-04-20,27082312.29,53,42,22,28,9,57,-5
2019-04-21,16426952.31,56,48,15,31,7,50,-1
2019-04-22,264866281.8,46,35,25,29,9,56,-9
2019-04-23,218920510,44,31,25,29,11,55,0
2019-04-24,212390129.2,42,33,24,29,12,51,-6
2019-04-25,231598310.6,43,32,25,29,12,54,-8
2019-04-26,222471794.9,50,32,27,30,12,58,-14
2019-04-27,37554264.2,55,38,23,30,9,56,-2
2019-04-28,12529314.47,55,43,16,30,7,46,-5
2019-04-29,265001890.1,44,33,26,29,11,53,0
2019-04-30,263958905.6,42,30,26,28,11,49,0
2019-05-01,17742134.72,47,30,26,26,11,54,0
2019-05-02,242704348,41,28,27,27,11,51,-3
2019-05-03,212897440.9,46,31,28,28,10,48,-4
2019-05-04,45669323.55,55,35,26,28,8,45,-7
2019-05-05,2304049.16,59,46,17,29,8,37,0
2019-05-06,208861236.5,53,40,17,31,8,44,-3
2019-05-07,178810182.1,46,34,28,29,9,65,-12
2019-05-08,180332823.6,41,35,26,27,9,71,-3
2019-05-09,173572988.3,40,29,24,26,12,63,-5
2019-05-10,144854985.9,41,29,27,26,11,63,-5
2019-05-11,23884484.08,50,40,26,29,9,54,-5
2019-05-12,38507656.7,53,41,16,28,9,49,0
2019-05-13,254888755.9,43,30,26,28,11,68,0
2019-05-14,232740596,39,31,23,25,12,65,-8
2019-05-15,234079330.9,37,30,24,27,10,58,-15
2019-05-16,225725311.7,64,46,39,41,14,61,-4
2019-05-17,221818853.6,67,48,52,43,16,74,-8
2019-05-18,47150026.15,86,63,47,45,15,57,-6
2019-05-19,17321383.55,90,67,29,47,13,46,0
2019-05-20,225227054.1,73,46,46,46,17,65,-7
2019-05-21,199252909.5,68,51,41,45,16,62,0
2019-05-22,198775337.5,66,50,41,43,17,58,-6
2019-05-23,185016259.5,64,48,41,45,17,56,0
2019-05-24,199607590.7,67,46,46,41,15,57,0
2019-05-25,40707881.97,82,62,40,44,13,54,-4
2019-05-26,12906682.15,87,77,28,42,13,45,-7
2019-05-27,220135947.9,67,82,43,41,18,57,0
2019-05-28,188747069.3,68,48,42,42,26,58,0
2019-05-29,198205458.6,63,57,46,43,25,59,-12
2019-05-30,218478648.9,64,49,53,42,26,64,0
2019-05-31,264941401.3,72,49,53,43,28,55,-4
